WellPosition,Name,Barcode,Type
A1,A1,GAATTGTGGT,STD
B1,B1,TTCATCAACG,STD
C1,C1,GTAAGGTTAC,STD
D1,D1,TGATGTCAGA,STD
E1,E1,CCAGTACATA,STD
F1,F1,ATGAGCATAG,STD
G1,G1,CCTTAGTATG,STD
H1,H1,GGATAGACAT,STD
A2,A2,TTGAATAGGC,STD
B2,B2,TAACATGGCT,STD
C2,C2,GCGTGTATAA,STD
D2,D2,GATACTAGAC,STD
E2,E2,TTAGATGTGG,STD
F2,F2,AGTAGTCTCA,STD
G2,G2,ATCGCTAAGA,STD
H2,H2,GTATCCGATA,STD
A3,A3,TAGTCGAGTT,STD
B3,B3,CATAATCACC,STD
C3,C3,CCAATCGAAT,STD
D3,D3,CTCTAAGAAC,STD
E3,E3,CTTGTCTACT,STD
F3,F3,TAGAGAGGAA,STD
G3,G3,TACACTCCTT,STD
H3,H3,TCGTAACTAG,STD
A4,A4,TAGTTCCTGA,STD
B4,B4,GGCAATTAGA,STD
C4,C4,ATGGAATGCA,STD
D4,D4,GACTCAATTG,STD
E4,E4,CAAGCCTTAT,STD
F4,F4,TTAGGACCTT,STD
G4,G4,TTGCGTTATC,STD
H4,H4,AGACGATAAC,STD
A5,A5,TACCTGAAGT,STD
B5,B5,ATTCAGTGAG,STD
C5,C5,ACTTCAACCT,STD
D5,D5,ACTAATAGCG,STD
E5,E5,GAATCTTCCA,STD
F5,F5,GCTATACTGT,STD
G5,G5,AATGACGGAT,STD
H5,H5,ATTCTCAGGT,STD
A6,A6,TAGCTATTCG,STD
B6,B6,CGTATGATCT,STD
C6,C6,GTTCGAACAA,STD
D6,D6,ATCTTGCGAT,STD
E6,E6,ATCTCTCTTC,STD
F6,F6,CACTTGACTA,STD
G6,G6,TCCAAGATTG,STD
H6,H6,ATTATTCCGC,STD
A7,A7,TAACGCTGTA,STD
B7,B7,ACCATTGATC,STD
C7,C7,CCGAATGTTA,STD
D7,D7,TAGGTACAAC,STD
E7,E7,AGAGGTGATT,STD
F7,F7,TCTTAGGCAA,STD
G7,G7,CTTGTTGGAA,STD
H7,H7,CCGCTTAATT,STD
A8,A8,AAGCAAGTAC,STD
B8,B8,TGTACCATTC,STD
C8,C8,AATGGTTCTG,STD
D8,D8,GTTGTAATCC,STD
E8,E8,CTCAATTCTC,STD
F8,F8,CAGTATAAGG,STD
G8,G8,CGTCATAGTA,STD
H8,H8,CAACCAATGA,STD
A9,A9,TCTGACATCT,STD
B9,B9,ACACACTCAA,STD
C9,C9,GAGCAACATT,STD
D9,D9,TGCCACTAAT,STD
E9,E9,TATACGTACG,STD
F9,F9,AACCGTAGAA,STD
G9,G9,AAGAACTGTG,STD
H9,H9,AGAACCAACT,STD
A10,A10,GCATTCTTAG,STD
B10,B10,GCAAGAAGTT,STD
C10,C10,CATAAGGCTT,STD
D10,D10,GGATTAGTTC,STD
E10,E10,AATTCGCAAC,STD
F10,F10,GGAGAATCTA,STD
G10,G10,TTCGTGCTTA,STD
H10,H10,AGGTAGTAGT,STD
A11,A11,TGTGTGAATG,STD
B11,B11,GTAACACAAG,STD
C11,C11,TCACGGATAT,STD
D11,D11,GTTGCATGTT,STD
E11,E11,TAATGGAACC,STD
F11,F11,CACTGTTGTT,STD
G11,G11,AGGCTCTATA,STD
H11,H11,AAGAGATCCT,STD
A12,A12,AACTAAGCCA,STD
B12,B12,ATTAACGTCC,STD
C12,C12,TCTATTGCCT,STD
D12,D12,ATGTTACACG,STD
E12,E12,GTTATGTGCA,STD
F12,F12,CTTATCCTTG,STD
G12,G12,GTGGATTAAG,STD
H12,H12,CTCCTATCAT,STD
